"empid","empname","jobtitle","dep_id"
101,"John Doe","Developer",2
102,"Jane Smith","Analyst",3
103,"Emily Davis","HR Manager",1
104,"Michael Scott","IT Support",2
105,"William Johnson","Marketing Specialist",4
106,"Olivia Brown","Sales Representative",5
107,"Sophia Wilson","Operations Manager",6
108,"James Anderson","Legal Advisor",7
109,"Ava Martinez","Customer Service Rep",8
110,"Benjamin Rodriguez","Research Scientist",9
111,"Isabella Lewis","Logistics Coordinator",10
112,"Mason Lee","Procurement Specialist",11
113,"Mia Walker","Quality Assurance",12
114,"Ethan Hall","Public Relations",13
115,"Harper Allen","Engineer",14
116,"Lucas Young","Maintenance Technician",15
117,"Amelia King","Health and Safety Officer",16
118,"Jackson Wright","Production Supervisor",17
119,"Ella Scott","Training Coordinator",18
120,"Aiden Green","Admin Assistant",19
121,"Liam Thompson","Developer",2
122,"Noah White","Analyst",3
123,"Elijah Harris","HR Assistant",1
124,"Charlotte Clark","IT Manager",2
125,"Mason Lopez","Marketing Coordinator",4
126,"Logan Hill","Sales Manager",5
127,"Jacob Scott","Operations Supervisor",6
128,"Lucas Green","Legal Assistant",7
129,"Henry Adams","Customer Service Manager",8
130,"Olivia Baker","Research Analyst",9
131,"James Gonzalez","Logistics Manager",10
132,"Alexander Perez","Procurement Officer",11
133,"Sophia Thomas","Quality Control",12
134,"Ava Martinez","PR Specialist",13
135,"Mia White","Engineer",14
136,"Lucas King","Maintenance Manager",15
137,"Ella Wright","Safety Inspector",16
138,"Amelia Turner","Production Planner",17
139,"Benjamin Johnson","Trainer",18
140,"Charlotte Davis","Admin Specialist",19
141,"Evelyn Walker","Developer",2
142,"Harper Allen","Analyst",3
143,"Sofia Young","HR Coordinator",1
144,"Aiden Scott","IT Technician",2
145,"Ethan Nelson","Marketing Manager",4
146,"Mason Carter","Sales Assistant",5
147,"Logan Mitchell","Operations Analyst",6
148,"Lucas Perez","Legal Consultant",7
149,"Henry Roberts","Customer Service Analyst",8
150,"William Wright","Research Scientist",9
151,"Mia Lopez","Logistics Coordinator",10
152,"Ethan Hill","Procurement Manager",11
153,"Olivia Adams","Quality Inspector",12
154,"Sophia King","PR Coordinator",13
155,"Logan Anderson","Engineer",14
156,"James Young","Maintenance Supervisor",15
157,"Isabella Thompson","Safety Officer",16
158,"Jackson Green","Production Manager",17
159,"Ava Hall","Trainer",18
160,"Lucas Lewis","Admin Coordinator",19
161,"Amelia Clark","Developer",2
162,"Sofia Martinez","Analyst",3
163,"Harper Johnson","HR Specialist",1
164,"Evelyn Carter","IT Assistant",2
165,"Mia Roberts","Marketing Analyst",4
166,"Jackson Walker","Sales Coordinator",5
167,"Liam Wright","Operations Manager",6
168,"Lucas White","Legal Officer",7
169,"Henry Thompson","Customer Service Rep",8
170,"Logan Green","Research Analyst",9
171,"Liam Brown","Developer",2
172,"Emma Smith","Analyst",3
173,"Oliver Jones","HR Specialist",1
174,"Ava Johnson","IT Assistant",2
175,"Elijah Davis","Marketing Analyst",4
176,"Sophia Garcia","Sales Coordinator",5
177,"Lucas Martinez","Operations Manager",6
178,"Mia Hernandez","Legal Officer",7
179,"Amelia Lopez","Customer Service Rep",8
180,"Mason Gonzalez","Research Analyst",9
181,"Harper Wilson","Logistics Coordinator",10
182,"Evelyn Anderson","Procurement Manager",11
183,"James Thomas","Quality Inspector",12
184,"Isabella Jackson","PR Coordinator",13
185,"Logan White","Engineer",14
186,"Sophia Harris","Maintenance Supervisor",15
187,"Aiden Martin","Safety Officer",16
188,"Lily Thompson","Production Manager",17
189,"Henry Lee","Trainer",18
190,"Benjamin Walker","Admin Coordinator",19
191,"Lucas Hall","Developer",2
192,"Emily Young","Analyst",3
193,"Jack Allen","HR Specialist",1
194,"Charlotte King","IT Assistant",2
195,"Jacob Wright","Marketing Analyst",4
196,"Avery Scott","Sales Coordinator",5
197,"Grace Adams","Operations Manager",6
198,"Eli Campbell","Legal Officer",7
199,"Eleanor Baker","Customer Service Rep",8
200,"Owen Gonzalez","Research Analyst",9
201,"Lillian Perez","Logistics Coordinator",10
202,"Aubrey Carter","Procurement Manager",11
203,"David Mitchell","Quality Inspector",12
204,"Chloe Roberts","PR Coordinator",13
205,"Gabriel Phillips","Engineer",14
206,"Hazel Parker","Maintenance Supervisor",15
207,"Samuel Evans","Safety Officer",16
208,"Nora Edwards","Production Manager",17
209,"Henry Collins","Trainer",18
210,"Liam Stewart","Admin Coordinator",19
211,"Elizabeth Sanchez","Developer",2
212,"Daniel Morris","Analyst",3
213,"Victoria Reed","HR Specialist",1
214,"Matthew Cook","IT Assistant",2
215,"Joseph Rogers","Marketing Analyst",4
216,"Lucy Morgan","Sales Coordinator",5
217,"Aiden Bell","Operations Manager",6
218,"Scarlett Murphy","Legal Officer",7
219,"Jackson Bailey","Customer Service Rep",8
220,"Ella Rivera","Research Analyst",9
221,"Aria Cooper","Logistics Coordinator",10
222,"Mason Richardson","Procurement Manager",11
223,"Isabella Howard","Quality Inspector",12
224,"alex","IT Support",10
225,"jiya","software developer",9
226,"meera","HR manager",14
227,"gita","IT Support",8
228,"sita","Marketing coordinator",2
229,"ram","IT manager",11
230,"lakhan","sales representative",4
231,"pooja","operations manager",19
232,"ashish","legal advisor",2
233,"ankita","research analyst",1
234,"shobha","logistics coordinator",7
235,"sunil","procurement officer",9
236,"anil","engineer",10
237,"raghav","sales representative",13
238,"dhiraj","IT consultant",5
239,"pooja","IT Support",13
240,"archana","software developer",7
241,"satwik","HR manager",11
242,"manoj","IT Support",11
243,"ashu","Marketing coordinator",12
244,"sakshi","IT manager",1
245,"prachi","sales representative",17
246,"nikku","operations manager",15
247,"pallavi","legal advisor",16
248,"sam","research analyst",20
249,"jam","logistics coordinator",12
250,"pro","procurement officer",19
251,"max","engineer",9
252,"well","sales representative",2
253,"dell","IT consultant",9
254,"nikk","IT Support",1
255,"nikhil","software developer",20
256,"rakesh","HR manager",11
257,"ritesh","IT Support",20
258,"satish","Marketing coordinator",7
259,"piyush","IT manager",16
260,"aman","sales representative",11
261,"yushar","operations manager",17
262,"tushar","legal advisor",20
263,"hemant","research analyst",14
264,"tejas","logistics coordinator",3
265,"sanskar","procurement officer",2
266,"anvesh","engineer",2
267,"sayali ","sales representative",18
268,"sachin","IT consultant",2
269,"savi","IT Support",1
270,"rajat","software developer",15
271,"virat","HR manager",11
272,"sai","IT Support",18
273,"pakhi","Marketing coordinator",17
274,"ranu","IT manager",11
275,"mishi","sales representative",14
276,"nishi","operations manager",11
277,"akshara","legal advisor",4
278,"divya","research analyst",2
279,"paru","logistics coordinator",20
280,"aditya","procurement officer",9
281,"sharda","engineer",18
282,"kalpnaa","sales representative",14
283,"asumata","IT consultant",7
284,"alka","sales representative",10
285,"shivani","operations manager",2
286,"kalyani","legal advisor",11
287,"samita","research analyst",4
288,"rohini","logistics coordinator",10
289,"monika","procurement officer",12
290,"maanya","engineer",1
291,"rishi","sales representative",13
292,"ayush","IT consultant",5
293,"yash","IT Support",12
294,"rancy","software developer",6
295,"rishon","HR manager",2
296,"akansha","IT Support",8
297,"himanshi","Marketing coordinator",11
298,"meena","IT manager",18
299,"swapnil","sales representative",12
300,"raksha","operations manager",14
